{
    "eval_exact_match": 52.10526315789474,
    "eval_f1": 70.09894835127035,
    "eval_runtime": 12.0545,
    "eval_samples": 263,
    "eval_samples_per_second": 21.818,
    "eval_steps_per_second": 2.738
}