{
    "eval_exact_match": 51.578947368421055,
    "eval_f1": 65.79805144975425,
    "eval_runtime": 7.3753,
    "eval_samples": 209,
    "eval_samples_per_second": 28.338,
    "eval_steps_per_second": 3.661
}