{
    "eval_exact_match": 39.21568627450981,
    "eval_f1": 51.072206660441935,
    "eval_runtime": 7.5721,
    "eval_samples": 102,
    "eval_samples_per_second": 13.47,
    "eval_steps_per_second": 0.924
}